First Name,Last Name,Display Name,Nickname,Primary Email,Secondary Email,Screen Name,Work Phone,Home Phone,Fax Number,Pager Number,Mobile Number,Home Address,Home Address 2,Home City,Home State,Home ZipCode,Home Country,Work Address,Work Address 2,Work City,Work State,Work ZipCode,Work Country,Job Title,Department,Organization,Web Page 1,Web Page 2,Birth Year,Birth Month,Birth Day,Custom 1,Custom 2,Custom 3,Custom 4,Notes
Eric,Nolan,Eric Nolan,,eric.nolan@example.com,,,,,,,1-326-643-173027950,,"92147 Nicole Shoal
Bridgetport, TN 65515",Riverastad,,,Bouvet Island (Bouvetoya),,,,,,,,,,,,1971,10,22,,,,,
Monica,Mayo,Monica Mayo,,monica.mayo@example.com,,,,,,,070923-45352312,,"35798 Peter Ways Apt. 546
Port James, IA 25425",Kaiserville,,,Latvia,,,,,,,,,,,,1996,9,28,,,,,
Craig,Williams,Craig Williams,,craig.williams@example.com,,,,,,,373-913-1782,,"804 Keller Crest
South Joshua, UT 88035",Stevenberg,,,Netherlands Antilles,,,,,,,,,,,,1992,4,10,,,,,
Frank,Snyder,Frank Snyder,,frank.snyder@example.com,,,,,,,171.183.2029114,,"56832 Russell Brook Apt. 537
Harrisland, IN 75567",Robersonville,,,Antigua and Barbuda,,,,,,,,,,,,1958,12,4,,,,,
Kevin,Alexander,Kevin Alexander,,kevin.alexander@example.com,,,,,,,1-514-398-9207,,"928 Deborah Track Suite 394
Normanbury, OH 56865",Port Joshua,,,Bermuda,,,,,,,,,,,,1993,8,16,,,,,
Matthew,Medina,Matthew Medina,,matthew.medina@example.com,,,,,,,001-155-478-3272629,,"62765 Ferguson Passage
North Joshualand, VT 95145",Port Kendrafurt,,,Maldives,,,,,,,,,,,,1985,2,15,,,,,
Lisa,Wilson,Lisa Wilson,,lisa.wilson@example.com,,,,,,,286-077-27645126,,"7735 Andrea Forks
East Sarah, ME 65804",Lake Amanda,,,Ecuador,,,,,,,,,,,,2009,4,27,,,,,
Gary,Ward,Gary Ward,,gary.ward@example.com,,,,,,,001-108-083-375386128,,"865 Mcfarland Isle
East Julie, CA 94011",South Amy,,,Albania,,,,,,,,,,,,1962,9,22,,,,,
Diane,Cannon,Diane Cannon,,diane.cannon@example.com,,,,,,,556-585-2775373,,"442 Hopkins Street Apt. 994
Jaimemouth, AL 12745",Callahanmouth,,,Bermuda,,,,,,,,,,,,1978,2,11,,,,,
Hailey,Hatfield,Hailey Hatfield,,hailey.hatfield@example.com,,,,,,,513.698.70403601,,"7499 Kayla Rapids
Stevenberg, MS 46007",Cathychester,,,Iraq,,,,,,,,,,,,1951,7,26,,,,,
Christina,Gonzalez,Christina Gonzalez,,christina.gonzalez@example.com,,,,,,,249471-7617,,"2423 Goodwin Station
Lake Williamburgh, AL 83190",South Alicia,,,Andorra,,,,,,,,,,,,1981,6,7,,,,,
Catherine,Weeks,Catherine Weeks,,catherine.weeks@example.com,,,,,,,1-982-616-7897,,"5358 Davis Islands
East Keith, KS 52851",Lopezshire,,,Turkey,,,,,,,,,,,,1988,10,5,,,,,
Thomas,Jensen,Thomas Jensen,,thomas.jensen@example.com,,,,,,,7787778203,,"934 Mike Lake Apt. 619
Justinshire, AL 93556",North Adrian,,,Niger,,,,,,,,,,,,1990,12,24,,,,,
Robin,Dennis,Robin Dennis,,robin.dennis@example.com,,,,,,,1-835-339-3222712,,"3294 Owens Expressway Apt. 779
Lake Patriciaside, IN 80069",South Penny,,,Iran,,,,,,,,,,,,2000,11,4,,,,,
Daniel,Ramos,Daniel Ramos,,daniel.ramos@example.com,,,,,,,611767704,,"8707 Kyle Crest Apt. 477
Heatherbury, SD 54880",Janeview,,,Lebanon,,,,,,,,,,,,2005,5,21,,,,,
Travis,Wright,Travis Wright,,travis.wright@example.com,,,,,,,203-401-539391306,,"45036 Rivera Union Apt. 270
Birdton, UT 69726",West Donnaview,,,Norway,,,,,,,,,,,,2012,10,24,,,,,
Sandra,Williams,Sandra Williams,,sandra.williams@example.com,,,,,,,742-610-961154486,,"0257 Taylor Cliffs
New Hannahstad, MN 51200",Lowerychester,,,Japan,,,,,,,,,,,,1999,9,10,,,,,
Ronald,Johnson,Ronald Johnson,,ronald.johnson@example.com,,,,,,,812-077-7366434,,"587 Shirley Locks
West Johnland, DC 74751",Williamsbury,,,Puerto Rico,,,,,,,,,,,,2001,4,6,,,,,
Erica,Barron,Erica Barron,,erica.barron@example.com,,,,,,,698-732-663971563,,"0856 Jonathan Trail
Stevenview, TN 48290",Port James,,,Montserrat,,,,,,,,,,,,1994,12,18,,,,,
David,Cross,David Cross,,david.cross@example.com,,,,,,,691-272-7983,,"7049 Morgan Coves Suite 483
Cookview, MD 50922",Port Michaelberg,,,Sierra Leone,,,,,,,,,,,,1975,1,15,,,,,
Stephanie,Mckenzie,Stephanie Mckenzie,,stephanie.mckenzie@example.com,,,,,,,988-884-7092155,,"84234 Jenna Mill
Charlesshire, WA 10635",Torresbury,,,Western Sahara,,,,,,,,,,,,1987,11,26,,,,,
Jacqueline,Dunn,Jacqueline Dunn,,jacqueline.dunn@example.com,,,,,,,899-737-24571694,,"831 Justin Ridge
North Larry, TN 02967",New Michael,,,Nauru,,,,,,,,,,,,1982,2,14,,,,,
Robert,Cooper,Robert Cooper,,robert.cooper@example.com,,,,,,,6.22413E+12,,"798 Brooke Dale Suite 205
Lake Shawnhaven, ID 66903",Waltersview,,,Slovenia,,,,,,,,,,,,1974,10,12,,,,,
Diane,Porter,Diane Porter,,diane.porter@example.com,,,,,,,290-596-1581,,"434 Young Island
Baileyborough, SD 47022",Harrisonchester,,,Djibouti,,,,,,,,,,,,1965,12,17,,,,,
James,Warren,James Warren,,james.warren@example.com,,,,,,,293-5-61473970,,"281 Wagner Prairie Suite 576
Rossside, AZ 65880",Hannahfurt,,,Hungary,,,,,,,,,,,,1962,10,15,,,,,
Gina,Thompson,Gina Thompson,,gina.thompson@example.com,,,,,,,492-362-9165,,"754 Johnson Spring Suite 758
Port Alexis, VT 00666",South Cathyhaven,,,Serbia,,,,,,,,,,,,1976,2,27,,,,,
Debbie,Walker,Debbie Walker,,debbie.walker@example.com,,,,,,,001-257-707-9867,,"71010 Evans Mountain Apt. 670
East Jerryburgh, VT 76490",East Denise,,,Belgium,,,,,,,,,,,,1956,2,28,,,,,
Kimberly,Moss,Kimberly Moss,,kimberly.moss@example.com,,,,,,,8826689799,,"726 Evans Gardens Suite 666
New Shawn, MO 17075",North Sylviatown,,,Vanuatu,,,,,,,,,,,,1998,1,12,,,,,
Jennifer,Holt,Jennifer Holt,,jennifer.holt@example.com,,,,,,,291678-1529,,"57650 Jessica Mountains
Donfort, GA 77864",West Kristinachester,,,Norway,,,,,,,,,,,,1905,11,19,,,,,
Brittany,Allen,Brittany Allen,,brittany.allen@example.com,,,,,,,001-401-653-0202121,,"871 Potts Junction Suite 046
South Jenna, TN 45383",South Kristin,,,Sao Tome and Principe,,,,,,,,,,,,1996,10,26,,,,,
